{
	"info": {
		"_postman_id": "955acfd0-bee9-48f7-908e-5f8d29038222",
		"name": "Proyecto",
		"schema": "https://schema.getpostman.com/json/collection/v2.1.0/collection.json"
	},
	"item": [
		{
			"name": "saveProduct",
			"request": {
				"method": "POST",
				"header": [
					{
						"key": "Authorization",
						"value": "\"eyJ0eXAiOiJKV1QiLCJhbGciOiJIUzI1NiJ9.eyJzdWIiOiI2MjI1NWJjZGJkODM3ZGVkODE2YmJlNjkiLCJuYW1lIjoiam9zdWUiLCJzdXJuYW1lIjoiam5vaiIsInVzZXJuYW1lIjoiam5vaiIsInJvbGUiOiJBRE1JTiIsImlhdCI6MTY0Njc4ODc4NSwiZXhwIjoxNjQ2NzkyMzg1fQ.0Fo9SiJxmUTJQ1A2EfHrQTDHhOx-Z3aASG54PSQaI-A\"",
						"type": "default"
					}
				],
				"body": {
					"mode": "urlencoded",
					"urlencoded": [
						{
							"key": "name",
							"value": "azucar",
							"type": "default"
						},
						{
							"key": "price",
							"value": "10",
							"type": "default"
						},
						{
							"key": "stock",
							"value": "10",
							"type": "default"
						},
						{
							"key": "sales",
							"value": "10",
							"type": "default"
						},
						{
							"key": "category",
							"value": "6227e4948deb73f08471981b",
							"type": "default"
						}
					]
				},
				"url": {
					"raw": "localhost:3200/product/saveProduct",
					"host": [
						"localhost"
					],
					"port": "3200",
					"path": [
						"product",
						"saveProduct"
					]
				}
			},
			"response": []
		},
		{
			"name": "testProduct",
			"request": {
				"method": "GET",
				"header": [],
				"url": {
					"raw": "localhost:3200/product/testProduct",
					"host": [
						"localhost"
					],
					"port": "3200",
					"path": [
						"product",
						"testProduct"
					]
				}
			},
			"response": []
		},
		{
			"name": "getProducts",
			"request": {
				"method": "GET",
				"header": [],
				"url": {
					"raw": "localhost:3200/product/getProducts",
					"host": [
						"localhost"
					],
					"port": "3200",
					"path": [
						"product",
						"getProducts"
					]
				}
			},
			"response": []
		},
		{
			"name": "getProduct",
			"request": {
				"method": "GET",
				"header": [],
				"url": {
					"raw": "localhost:3200/product/getProduct/62242f9af1e9d23cbb361e6e",
					"host": [
						"localhost"
					],
					"port": "3200",
					"path": [
						"product",
						"getProduct",
						"62242f9af1e9d23cbb361e6e"
					]
				}
			},
			"response": []
		},
		{
			"name": "productosAgotados",
			"request": {
				"method": "GET",
				"header": [
					{
						"key": "Authorization",
						"value": "\"eyJ0eXAiOiJKV1QiLCJhbGciOiJIUzI1NiJ9.eyJzdWIiOiI2MjI3ZWJmNDI0MDM4NGVkNjM4YmJlMjciLCJuYW1lIjoiYWJkaSIsInN1cm5hbWUiOiJhcGFsbWEiLCJ1c2VybmFtZSI6ImFwYWxtYSIsInJvbGUiOiJDTElFTlQiLCJpYXQiOjE2NDY3ODc1OTEsImV4cCI6MTY0Njc5MTE5MX0.cahN3KrLe9TnBSVd8bcAe2tB5P4Nt6Tpu0cDIG79zu0\"",
						"type": "default"
					}
				],
				"url": {
					"raw": "localhost:3200/product/productsExhausted",
					"host": [
						"localhost"
					],
					"port": "3200",
					"path": [
						"product",
						"productsExhausted"
					]
				}
			},
			"response": []
		},
		{
			"name": "productosVendidos",
			"request": {
				"method": "GET",
				"header": [
					{
						"key": "Authorization",
						"value": "\"eyJ0eXAiOiJKV1QiLCJhbGciOiJIUzI1NiJ9.eyJzdWIiOiI2MjI1NWJjZGJkODM3ZGVkODE2YmJlNjkiLCJuYW1lIjoiam9zdWUiLCJzdXJuYW1lIjoiam5vaiIsInVzZXJuYW1lIjoiam5vaiIsInJvbGUiOiJBRE1JTiIsImlhdCI6MTY0NjkyNjY1NSwiZXhwIjoxNjQ2OTMwMjU1fQ.H-uJHLdUqtTc2Bn1LfMn9smo0oIr6IjSYUkX4gXMQBw\"",
						"type": "default"
					}
				],
				"url": {
					"raw": "localhost:3200/product/productsSold",
					"host": [
						"localhost"
					],
					"port": "3200",
					"path": [
						"product",
						"productsSold"
					]
				}
			},
			"response": []
		},
		{
			"name": "userTest",
			"request": {
				"method": "GET",
				"header": [],
				"url": {
					"raw": "localhost:3200/user/test",
					"host": [
						"localhost"
					],
					"port": "3200",
					"path": [
						"user",
						"test"
					]
				}
			},
			"response": []
		},
		{
			"name": "updateProduct",
			"request": {
				"method": "PUT",
				"header": [
					{
						"key": "Authorization",
						"value": "\"eyJ0eXAiOiJKV1QiLCJhbGciOiJIUzI1NiJ9.eyJzdWIiOiI2MjI1NWJjZGJkODM3ZGVkODE2YmJlNjkiLCJuYW1lIjoiam9zdWUiLCJzdXJuYW1lIjoiam5vaiIsInVzZXJuYW1lIjoiam5vaiIsInJvbGUiOiJBRE1JTiIsImlhdCI6MTY0NjYzNjc5MiwiZXhwIjoxNjQ2NjQwMzkyfQ._npCYRV2hKWlLLXPTdxZDH957C0UyIL6wDb5Lh2QN4Q\"",
						"type": "default"
					}
				],
				"body": {
					"mode": "urlencoded",
					"urlencoded": [
						{
							"key": "price",
							"value": "20",
							"type": "default"
						},
						{
							"key": "sales",
							"value": "0 ventas",
							"type": "default"
						},
						{
							"key": "name",
							"value": "mantequillaa",
							"type": "default"
						}
					]
				},
				"url": {
					"raw": "localhost:3200/product/updateProduct/6225ad6f3c36b5377230a3e9",
					"host": [
						"localhost"
					],
					"port": "3200",
					"path": [
						"product",
						"updateProduct",
						"6225ad6f3c36b5377230a3e9"
					]
				}
			},
			"response": []
		},
		{
			"name": "deleteProduct",
			"request": {
				"method": "DELETE",
				"header": [
					{
						"key": "Authorization",
						"value": "\"eyJ0eXAiOiJKV1QiLCJhbGciOiJIUzI1NiJ9.eyJzdWIiOiI2MjI1NWJjZGJkODM3ZGVkODE2YmJlNjkiLCJuYW1lIjoiam9zdWUiLCJzdXJuYW1lIjoiam5vaiIsInVzZXJuYW1lIjoiam5vaiIsInJvbGUiOiJBRE1JTiIsImlhdCI6MTY0NjY3NDkyMCwiZXhwIjoxNjQ2Njc4NTIwfQ.ya-CEK8wEgdOh2jw3Rf8reFwGZ5k4TNRa-7j1wGmHXI\"",
						"type": "default"
					}
				],
				"body": {
					"mode": "urlencoded",
					"urlencoded": []
				},
				"url": {
					"raw": "localhost:3200/product/deleteProduct/6225ad6f3c36b5377230a3e9",
					"host": [
						"localhost"
					],
					"port": "3200",
					"path": [
						"product",
						"deleteProduct",
						"6225ad6f3c36b5377230a3e9"
					]
				}
			},
			"response": []
		},
		{
			"name": "userRegister",
			"request": {
				"method": "POST",
				"header": [],
				"body": {
					"mode": "urlencoded",
					"urlencoded": [
						{
							"key": "name",
							"value": "abdi",
							"type": "default"
						},
						{
							"key": "username",
							"value": "apalma",
							"type": "default"
						},
						{
							"key": "password",
							"value": "1234",
							"type": "default"
						}
					]
				},
				"url": {
					"raw": "localhost:3200/user/register",
					"host": [
						"localhost"
					],
					"port": "3200",
					"path": [
						"user",
						"register"
					]
				}
			},
			"response": []
		},
		{
			"name": "userLogin",
			"request": {
				"method": "POST",
				"header": [],
				"body": {
					"mode": "urlencoded",
					"urlencoded": [
						{
							"key": "username",
							"value": "apalma",
							"type": "default"
						},
						{
							"key": "password",
							"value": "1234",
							"type": "default"
						}
					]
				},
				"url": {
					"raw": "localhost:3200/user/login",
					"host": [
						"localhost"
					],
					"port": "3200",
					"path": [
						"user",
						"login"
					]
				}
			},
			"response": []
		},
		{
			"name": "updateRole",
			"request": {
				"method": "PUT",
				"header": [
					{
						"key": "Authorization",
						"value": "\"eyJ0eXAiOiJKV1QiLCJhbGciOiJIUzI1NiJ9.eyJzdWIiOiI2MjI1NWJiOGJkODM3ZGVkODE2YmJlNjYiLCJuYW1lIjoiYWJkaSIsInN1cm5hbWUiOiJhcGFsbWEiLCJ1c2VybmFtZSI6ImFwYWxtYSIsInJvbGUiOiJDTElFTlQiLCJpYXQiOjE2NDY2MTc1MjksImV4cCI6MTY0NjYyMTEyOX0.YRssWdQOfZFkKvfhi1V6A9UaZ-oJoYD2u5TeUk7c-WI\"",
						"type": "default"
					}
				],
				"body": {
					"mode": "urlencoded",
					"urlencoded": [
						{
							"key": "role",
							"value": "ADMIN",
							"type": "default"
						},
						{
							"key": "name",
							"value": "sssss",
							"type": "default",
							"disabled": true
						}
					]
				},
				"url": {
					"raw": "localhost:3200/user/updateRole/62255bcdbd837ded816bbe69",
					"host": [
						"localhost"
					],
					"port": "3200",
					"path": [
						"user",
						"updateRole",
						"62255bcdbd837ded816bbe69"
					]
				}
			},
			"response": []
		},
		{
			"name": "update user_byAdmin",
			"request": {
				"method": "PUT",
				"header": [
					{
						"key": "Authorization",
						"value": "\"eyJ0eXAiOiJKV1QiLCJhbGciOiJIUzI1NiJ9.eyJzdWIiOiI2MjI4ZWZiMzBiYzQ5MWVmMjY0YWM4NGUiLCJuYW1lIjoiRGFuaWVsIiwic3VybmFtZSI6IkRwYWxtYSIsInVzZXJuYW1lIjoiRHBhbG1hIiwicm9sZSI6IkNMSUVOVCIsImlhdCI6MTY0Njg1MDAwNCwiZXhwIjoxNjQ2ODUzNjA0fQ.g4z85i4-Ozy--TEIbinMUgTvP9T5yyA5ioJWX9_6gwo\"",
						"type": "default"
					}
				],
				"body": {
					"mode": "urlencoded",
					"urlencoded": [
						{
							"key": "name",
							"value": "abdi",
							"type": "default"
						}
					]
				},
				"url": {
					"raw": "localhost:3200/user/update/6227ebf4240384ed638bbe27",
					"host": [
						"localhost"
					],
					"port": "3200",
					"path": [
						"user",
						"update",
						"6227ebf4240384ed638bbe27"
					]
				}
			},
			"response": []
		},
		{
			"name": "updateUser_ byClient",
			"request": {
				"method": "PUT",
				"header": [
					{
						"key": "Authorization",
						"value": "\"eyJ0eXAiOiJKV1QiLCJhbGciOiJIUzI1NiJ9.eyJzdWIiOiI2MjI3ZWJmNDI0MDM4NGVkNjM4YmJlMjciLCJuYW1lIjoiYWJkaSIsInN1cm5hbWUiOiJhcGFsbWEiLCJ1c2VybmFtZSI6ImFwYWxtYSIsInJvbGUiOiJDTElFTlQiLCJpYXQiOjE2NDY4NTA4NjcsImV4cCI6MTY0Njg1NDQ2N30.Or4Iivg4HNsuSZ2_HXLru_rr0V1BdU3SIHUsQuexK1Y\"",
						"type": "default"
					}
				],
				"body": {
					"mode": "urlencoded",
					"urlencoded": [
						{
							"key": "name",
							"value": "abdi2",
							"type": "default"
						}
					]
				},
				"url": {
					"raw": "localhost:3200/user/updateClient/6227ebf4240384ed638bbe27",
					"host": [
						"localhost"
					],
					"port": "3200",
					"path": [
						"user",
						"updateClient",
						"6227ebf4240384ed638bbe27"
					]
				}
			},
			"response": []
		},
		{
			"name": "deleteUserClient",
			"request": {
				"method": "DELETE",
				"header": [
					{
						"key": "Authorization",
						"value": "\"eyJ0eXAiOiJKV1QiLCJhbGciOiJIUzI1NiJ9.eyJzdWIiOiI2MjI3ZWJhYjI0MDM4NGVkNjM4YmJlMjEiLCJuYW1lIjoiYWJkaSIsInN1cm5hbWUiOiJhcGFsbWEiLCJ1c2VybmFtZSI6ImFwYWxtYSIsInJvbGUiOiJDTElFTlQiLCJpYXQiOjE2NDY3ODM0MzQsImV4cCI6MTY0Njc4NzAzNH0.BUNdxI_moaYr-NmhB37BUkspx9FgTO3uMkry8DTGQF4\"",
						"type": "default"
					}
				],
				"url": {
					"raw": "localhost:3200/user/delete/6227ebab240384ed638bbe21",
					"host": [
						"localhost"
					],
					"port": "3200",
					"path": [
						"user",
						"delete",
						"6227ebab240384ed638bbe21"
					]
				}
			},
			"response": []
		},
		{
			"name": "saveCategory",
			"request": {
				"method": "POST",
				"header": [
					{
						"key": "Authorization",
						"value": "\"eyJ0eXAiOiJKV1QiLCJhbGciOiJIUzI1NiJ9.eyJzdWIiOiI2MjI1NWJjZGJkODM3ZGVkODE2YmJlNjkiLCJuYW1lIjoiam9zdWUiLCJzdXJuYW1lIjoiam5vaiIsInVzZXJuYW1lIjoiam5vaiIsInJvbGUiOiJBRE1JTiIsImlhdCI6MTY0NjcwMTEyNiwiZXhwIjoxNjQ2NzA0NzI2fQ.U3ZYQfmfMM_jndBOMoPJdY6tZEf_cJpKLnRrFfaHv5A\"",
						"type": "default"
					}
				],
				"body": {
					"mode": "urlencoded",
					"urlencoded": [
						{
							"key": "name",
							"value": "Semillas",
							"type": "default"
						},
						{
							"key": "description",
							"value": "solo semillas",
							"type": "default"
						}
					]
				},
				"url": {
					"raw": "localhost:3200/category/saveCategory",
					"host": [
						"localhost"
					],
					"port": "3200",
					"path": [
						"category",
						"saveCategory"
					]
				}
			},
			"response": []
		},
		{
			"name": "getCategories",
			"request": {
				"method": "GET",
				"header": [],
				"url": {
					"raw": "localhost:3200/category/getCategories",
					"host": [
						"localhost"
					],
					"port": "3200",
					"path": [
						"category",
						"getCategories"
					]
				}
			},
			"response": []
		},
		{
			"name": "updateCategory",
			"request": {
				"method": "PUT",
				"header": [
					{
						"key": "Authorization",
						"value": "\"eyJ0eXAiOiJKV1QiLCJhbGciOiJIUzI1NiJ9.eyJzdWIiOiI2MjI1NWJjZGJkODM3ZGVkODE2YmJlNjkiLCJuYW1lIjoiam9zdWUiLCJzdXJuYW1lIjoiam5vaiIsInVzZXJuYW1lIjoiam5vaiIsInJvbGUiOiJBRE1JTiIsImlhdCI6MTY0NjcwMjU3NywiZXhwIjoxNjQ2NzA2MTc3fQ.xA8IFWmyd2KMu1F3t6Vp550qCLjh6SRzBykrgsRW884\"",
						"type": "default"
					}
				],
				"body": {
					"mode": "urlencoded",
					"urlencoded": [
						{
							"key": "name",
							"value": "llantas",
							"type": "default"
						}
					]
				},
				"url": {
					"raw": "localhost:3200/category/updateCategory/6226aabcba569bbd4b03c375",
					"host": [
						"localhost"
					],
					"port": "3200",
					"path": [
						"category",
						"updateCategory",
						"6226aabcba569bbd4b03c375"
					]
				}
			},
			"response": []
		},
		{
			"name": "pPor Nombre",
			"request": {
				"method": "POST",
				"header": [
					{
						"key": "Authorization",
						"value": "\"eyJ0eXAiOiJKV1QiLCJhbGciOiJIUzI1NiJ9.eyJzdWIiOiI2MjI1NWJiOGJkODM3ZGVkODE2YmJlNjYiLCJuYW1lIjoiQWJkaTMiLCJzdXJuYW1lIjoiYXBhbG1hIiwidXNlcm5hbWUiOiJhcGFsbWEiLCJyb2xlIjoiQ0xJRU5UIiwiaWF0IjoxNjQ2NzA3MzgwLCJleHAiOjE2NDY3MTA5ODB9.kEwlr5KGZbPW7y-Ieq4eb3-ktHM_8v7VVKVtmspQYyk\"",
						"type": "default"
					}
				],
				"body": {
					"mode": "urlencoded",
					"urlencoded": [
						{
							"key": "name",
							"value": "mantequilla",
							"type": "default"
						}
					]
				},
				"url": {
					"raw": "localhost:3200/product/searchProduct",
					"host": [
						"localhost"
					],
					"port": "3200",
					"path": [
						"product",
						"searchProduct"
					]
				}
			},
			"response": []
		},
		{
			"name": "deleteCategory",
			"request": {
				"method": "DELETE",
				"header": [
					{
						"key": "Authorization",
						"value": "\"eyJ0eXAiOiJKV1QiLCJhbGciOiJIUzI1NiJ9.eyJzdWIiOiI2MjI1NWJjZGJkODM3ZGVkODE2YmJlNjkiLCJuYW1lIjoiam9zdWUiLCJzdXJuYW1lIjoiam5vaiIsInVzZXJuYW1lIjoiam5vaiIsInJvbGUiOiJBRE1JTiIsImlhdCI6MTY0Njc4MDg1NSwiZXhwIjoxNjQ2Nzg0NDU1fQ.n0CRMGG7_de7ixN33sH9r_9rfhdLYp9U04b7XvqJXB8\"",
						"type": "default"
					}
				],
				"body": {
					"mode": "urlencoded",
					"urlencoded": []
				},
				"url": {
					"raw": "localhost:3200/category/deleteCategory/6227e4948deb73f08471981b",
					"host": [
						"localhost"
					],
					"port": "3200",
					"path": [
						"category",
						"deleteCategory",
						"6227e4948deb73f08471981b"
					]
				}
			},
			"response": []
		},
		{
			"name": "cPorCategoria",
			"protocolProfileBehavior": {
				"disableBodyPruning": true
			},
			"request": {
				"method": "GET",
				"header": [
					{
						"key": "Authorization",
						"value": "\"eyJ0eXAiOiJKV1QiLCJhbGciOiJIUzI1NiJ9.eyJzdWIiOiI2MjI1NWJjZGJkODM3ZGVkODE2YmJlNjkiLCJuYW1lIjoiam9zdWUiLCJzdXJuYW1lIjoiam5vaiIsInVzZXJuYW1lIjoiam5vaiIsInJvbGUiOiJBRE1JTiIsImlhdCI6MTY0Njc5NDg4NCwiZXhwIjoxNjQ2Nzk4NDg0fQ.3yhfjxxtIrgefm5IJd6HygrkYONoO-5AyAuqn9dm9Xs\"",
						"type": "default"
					}
				],
				"body": {
					"mode": "urlencoded",
					"urlencoded": []
				},
				"url": {
					"raw": "localhost:3200/category/getCatalogo/6227e4a68deb73f08471981f",
					"host": [
						"localhost"
					],
					"port": "3200",
					"path": [
						"category",
						"getCatalogo",
						"6227e4a68deb73f08471981f"
					]
				}
			},
			"response": []
		},
		{
			"name": "getStockProducto",
			"protocolProfileBehavior": {
				"disableBodyPruning": true
			},
			"request": {
				"method": "GET",
				"header": [
					{
						"key": "Authorization",
						"value": "\"eyJ0eXAiOiJKV1QiLCJhbGciOiJIUzI1NiJ9.eyJzdWIiOiI2MjI1NWJjZGJkODM3ZGVkODE2YmJlNjkiLCJuYW1lIjoiam9zdWUiLCJzdXJuYW1lIjoiam5vaiIsInVzZXJuYW1lIjoiam5vaiIsInJvbGUiOiJBRE1JTiIsImlhdCI6MTY0NjgwNDQ5OSwiZXhwIjoxNjQ2ODA4MDk5fQ.etY5Oeh2-mKN8TUF-pE-0RvCjMH7GSw2qtZXnJzCGIs\"",
						"type": "default"
					}
				],
				"body": {
					"mode": "urlencoded",
					"urlencoded": []
				},
				"url": {
					"raw": "localhost:3200/product/getStock",
					"host": [
						"localhost"
					],
					"port": "3200",
					"path": [
						"product",
						"getStock"
					]
				}
			},
			"response": []
		},
		{
			"name": "añadir Al Carrito",
			"request": {
				"method": "POST",
				"header": [
					{
						"key": "Authorization",
						"value": "\"eyJ0eXAiOiJKV1QiLCJhbGciOiJIUzI1NiJ9.eyJzdWIiOiI2MjI5NjEzNmU5NDYzNGUzZWQ4Mzc1OTYiLCJuYW1lIjoiYWJkaSIsInN1cm5hbWUiOiJBcGFsbWEiLCJ1c2VybmFtZSI6IkFwYWxtYSIsInJvbGUiOiJDTElFTlQiLCJpYXQiOjE2NDY4OTc4MTYsImV4cCI6MTY0NjkwMTQxNn0.tgqGqGupNnJPntEYX6Pp-jI4r0unrO4KxccteInwbZU\"",
						"type": "default"
					}
				],
				"body": {
					"mode": "urlencoded",
					"urlencoded": [
						{
							"key": "product",
							"value": "6227e4e78deb73f084719823",
							"type": "default"
						},
						{
							"key": "quantity",
							"value": "1",
							"type": "default"
						}
					]
				},
				"url": {
					"raw": "localhost:3200/shoppingCart/saveCart",
					"host": [
						"localhost"
					],
					"port": "3200",
					"path": [
						"shoppingCart",
						"saveCart"
					]
				}
			},
			"response": []
		},
		{
			"name": "generar Factura",
			"request": {
				"method": "POST",
				"header": [
					{
						"key": "Authorization",
						"value": "\"eyJ0eXAiOiJKV1QiLCJhbGciOiJIUzI1NiJ9.eyJzdWIiOiI2MjI5NjEzNmU5NDYzNGUzZWQ4Mzc1OTYiLCJuYW1lIjoiYWJkaSIsInN1cm5hbWUiOiJBcGFsbWEiLCJ1c2VybmFtZSI6IkFwYWxtYSIsInJvbGUiOiJDTElFTlQiLCJpYXQiOjE2NDY4OTc4MTYsImV4cCI6MTY0NjkwMTQxNn0.tgqGqGupNnJPntEYX6Pp-jI4r0unrO4KxccteInwbZU\"",
						"type": "default"
					}
				],
				"url": {
					"raw": "localhost:3200/bill/generateBill",
					"host": [
						"localhost"
					],
					"port": "3200",
					"path": [
						"bill",
						"generateBill"
					]
				}
			},
			"response": []
		},
		{
			"name": "buscarFactura_idCliente",
			"request": {
				"method": "POST",
				"header": [
					{
						"key": "Authorization",
						"value": "\"eyJ0eXAiOiJKV1QiLCJhbGciOiJIUzI1NiJ9.eyJzdWIiOiI2MjI5NjEzNmU5NDYzNGUzZWQ4Mzc1OTYiLCJuYW1lIjoiYWJkaSIsInN1cm5hbWUiOiJBcGFsbWEiLCJ1c2VybmFtZSI6IkFwYWxtYSIsInJvbGUiOiJDTElFTlQiLCJpYXQiOjE2NDY4OTc4MTYsImV4cCI6MTY0NjkwMTQxNn0.tgqGqGupNnJPntEYX6Pp-jI4r0unrO4KxccteInwbZU\"",
						"type": "default"
					}
				],
				"body": {
					"mode": "urlencoded",
					"urlencoded": []
				},
				"url": {
					"raw": "localhost:3200/bill/searchBills/62296136e94634e3ed837596",
					"host": [
						"localhost"
					],
					"port": "3200",
					"path": [
						"bill",
						"searchBills",
						"62296136e94634e3ed837596"
					]
				}
			},
			"response": []
		},
		{
			"name": "productos De Factura",
			"request": {
				"method": "POST",
				"header": [
					{
						"key": "Authorization",
						"value": "\"eyJ0eXAiOiJKV1QiLCJhbGciOiJIUzI1NiJ9.eyJzdWIiOiI2MjI5NjEzNmU5NDYzNGUzZWQ4Mzc1OTYiLCJuYW1lIjoiYWJkaSIsInN1cm5hbWUiOiJBcGFsbWEiLCJ1c2VybmFtZSI6IkFwYWxtYSIsInJvbGUiOiJDTElFTlQiLCJpYXQiOjE2NDY4OTc4MTYsImV4cCI6MTY0NjkwMTQxNn0.tgqGqGupNnJPntEYX6Pp-jI4r0unrO4KxccteInwbZU\"",
						"type": "default"
					}
				],
				"url": {
					"raw": "localhost:3200/bill/showProducts/62296136e94634e3ed837596",
					"host": [
						"localhost"
					],
					"port": "3200",
					"path": [
						"bill",
						"showProducts",
						"62296136e94634e3ed837596"
					]
				}
			},
			"response": []
		}
	]
}